{
  "ham_json": "chemistry\\data\\f2_R2.6_angstrom_sto-3g_auto.json",
  "ucc_file": "chemistry\\data\\ucc_f2.json",
  "nqubits": 8,
  "importance_cutoff": 0.0001,
  "terms_after_importance_filter": 3,
  "ucc_topk_used": 1,
  "total_ranked_terms_available": 15,
  "parameter_count": 1,
  "selected_pauli_terms": [
    "Y4 Y5 Y6 X7"
  ],
  "selected_term_importances": [
    0.3714795022267765
  ],
  "estimated_total_energy": -195.9724556151193,
  "fci_reference_energy": -195.9734686096283,
  "absolute_error_vs_fci": 0.0010129945090113779,
  "best_energy_no_constant": -3.984848311694774,
  "energy_history_no_constant": [
    -3.61729438027403,
    -3.6290510132064595,
    -3.640773409472511,
    -3.652450309406443,
    -3.6640702706389496,
    -3.675621686757777,
    -3.6870928098620426,
    -3.698471776971044,
    -3.709746640205276,
    -3.720905400613576,
    -3.7319360454766186,
    -3.742826588873466,
    -3.753565115255934,
    -3.764139825734716,
    -3.774539086742934,
    -3.784751480706991,
    -3.794765858321784,
    -3.8045713919982824,
    -3.814157630025744,
    -3.8235145509696684,
    -3.8326326178092676,
    -3.841502831305688,
    -3.8501167820840654,
    -3.8584667009091738,
    -3.8665455066359065,
    -3.874346851321944,
    -3.8818651620012607,
    -3.889095678633062,
    -3.896034487761732,
    -3.902678551449274,
    -3.909025731072616,
    -3.9150748056138878,
    -3.920825484112656,
    -3.9262784119947916,
    -3.93143517104318,
    -3.936298272830991,
    -3.940871145498204,
    -3.9451581138165035,
    -3.949164372556314,
    -3.9528959532417964,
    -3.9563596844549616,
    -3.959563145927691,
    -3.962514616739418,
    -3.9652230180177264,
    -3.967697850617719,
    -3.969949128332202,
    -3.971987307257404,
    -3.9738232120057115,
    -3.975467959516798,
    -3.9769328812690072,
    -3.9782294447329734,
    -3.979369174936694,
    -3.980363577025067,
    -3.9812240606954075,
    -3.9819618673732866,
    -3.9825880009594745,
    -3.983113162929031,
    -3.9835476924982727,
    -3.9839015124952817,
    -3.9841840814766587,
    -3.9844043525291943,
    -3.9845707390825527,
    -3.984691087940682,
    -3.984772659618391,
    -3.9848221159485684,
    -3.9848455148075668,
    -3.984848311694774,
    -3.984835367799304,
    -3.9848109640949665,
    -3.984778820925714,
    -3.9847421224789543,
    -3.984703545494876,
    -3.984665291525729,
    -3.9846291220408285,
    -3.98459639566939,
    -3.984568106883906,
    -3.984544925450208,
    -3.984527236004966,
    -3.9845151771658833,
    -3.9845086796323597,
    -3.9845075027928964,
    -3.9845112694189635,
    -3.9845194980909158,
    -3.984531633069032,
    -3.984547071390008,
    -3.984565187035043,
    -3.9845853520791663,
    -3.9846069547912406,
    -3.9846294147099615,
    -3.9846521947716997,
    -3.984674810611636,
    -3.9846968371989635,
    -3.984717913000621,
    -3.984737741895017,
    -3.984756093078478,
    -3.984772799221599,
    -3.984787753141688,
    -3.9848009032600875,
    -3.9848122481106754,
    -3.984821830158016
  ],
  "energy_history_total": [
    -195.60490168369853,
    -195.61665831663097,
    -195.628380712897,
    -195.64005761283096,
    -195.65167757406346,
    -195.6632289901823,
    -195.67470011328655,
    -195.68607908039556,
    -195.6973539436298,
    -195.7085127040381,
    -195.71954334890114,
    -195.73043389229798,
    -195.74117241868043,
    -195.7517471291592,
    -195.76214639016746,
    -195.7723587841315,
    -195.7823731617463,
    -195.7921786954228,
    -195.80176493345024,
    -195.81112185439417,
    -195.8202399212338,
    -195.8291101347302,
    -195.83772408550857,
    -195.84607400433367,
    -195.8541528100604,
    -195.86195415474646,
    -195.86947246542576,
    -195.87670298205757,
    -195.88364179118625,
    -195.89028585487378,
    -195.8966330344971,
    -195.9026821090384,
    -195.90843278753718,
    -195.9138857154193,
    -195.9190424744677,
    -195.9239055762555,
    -195.9284784489227,
    -195.932765417241,
    -195.93677167598082,
    -195.94050325666632,
    -195.94396698787946,
    -195.9471704493522,
    -195.95012192016392,
    -195.95283032144224,
    -195.95530515404224,
    -195.9575564317567,
    -195.9595946106819,
    -195.9614305154302,
    -195.96307526294132,
    -195.9645401846935,
    -195.96583674815747,
    -195.9669764783612,
    -195.96797088044957,
    -195.96883136411992,
    -195.9695691707978,
    -195.970195304384,
    -195.97072046635355,
    -195.97115499592277,
    -195.9715088159198,
    -195.97179138490117,
    -195.9720116559537,
    -195.97217804250707,
    -195.9722983913652,
    -195.9723799630429,
    -195.97242941937307,
    -195.97245281823209,
    -195.9724556151193,
    -195.9724426712238,
    -195.9724182675195,
    -195.97238612435024,
    -195.97234942590347,
    -195.9723108489194,
    -195.97227259495023,
    -195.97223642546533,
    -195.9722036990939,
    -195.9721754103084,
    -195.9721522288747,
    -195.97213453942948,
    -195.9721224805904,
    -195.97211598305688,
    -195.9721148062174,
    -195.97211857284347,
    -195.97212680151543,
    -195.97213893649354,
    -195.97215437481452,
    -195.97217249045954,
    -195.97219265550368,
    -195.97221425821576,
    -195.97223671813447,
    -195.97225949819622,
    -195.97228211403615,
    -195.97230414062346,
    -195.97232521642513,
    -195.9723450453195,
    -195.972363396503,
    -195.9723801026461,
    -195.9723950565662,
    -195.9724082066846,
    -195.97241955153518,
    -195.97242913358252
  ]
}