{
  "id": "tianji_s2",
  "type": "CHIP",
  "qubits": 13,
  "T1": 83.94615173339844,
  "T2": 45.35384750366211,
  "Err": {
    "SQ": 0.0006230000000000001,
    "CZ": 0.009759400000000001,
    "Readout": {
      "F0": 0.00586923076923077,
      "F1": 0.01741538461538461
    }
  },
  "at": 1774907727,
  "state": "on",
  "links": {
    "(1, 2)": {
      "A": 1,
      "B": 2,
      "CZErrRate": 0.00911,
      "GateLenInNs": 94
    },
    "(0, 1)": {
      "A": 0,
      "B": 1,
      "CZErrRate": 0.014025,
      "GateLenInNs": 83
    },
    "(0, 12)": {
      "A": 0,
      "B": 12,
      "CZErrRate": 0.006478,
      "GateLenInNs": 87
    },
    "(11, 12)": {
      "A": 11,
      "B": 12,
      "CZErrRate": 0.013591,
      "GateLenInNs": 86
    },
    "(1, 4)": {
      "A": 1,
      "B": 4,
      "CZErrRate": 0.009589,
      "GateLenInNs": 96
    },
    "(1, 3)": {
      "A": 1,
      "B": 3,
      "CZErrRate": 0.012655,
      "GateLenInNs": 95
    },
    "(3, 12)": {
      "A": 3,
      "B": 12,
      "CZErrRate": 0.004497,
      "GateLenInNs": 87
    },
    "(10, 12)": {
      "A": 10,
      "B": 12,
      "CZErrRate": 0.006223,
      "GateLenInNs": 85
    },
    "(4, 6)": {
      "A": 4,
      "B": 6,
      "CZErrRate": 0.00997,
      "GateLenInNs": 92
    },
    "(3, 6)": {
      "A": 3,
      "B": 6,
      "CZErrRate": 0.003117,
      "GateLenInNs": 86
    },
    "(3, 8)": {
      "A": 3,
      "B": 8,
      "CZErrRate": 0.013869,
      "GateLenInNs": 87
    },
    "(8, 10)": {
      "A": 8,
      "B": 10,
      "CZErrRate": 0.012077,
      "GateLenInNs": 91
    },
    "(5, 6)": {
      "A": 5,
      "B": 6,
      "CZErrRate": 0.016828,
      "GateLenInNs": 90
    },
    "(6, 7)": {
      "A": 6,
      "B": 7,
      "CZErrRate": 0.004848,
      "GateLenInNs": 69
    },
    "(8, 9)": {
      "A": 8,
      "B": 9,
      "CZErrRate": 0.009514,
      "GateLenInNs": 87
    }
  },
  "bits": {
    "0": {
      "Freqency": 5119,
      "Qubit": 0,
      "ReadoutF0Err": 0.006,
      "ReadoutF1Err": 0.0192,
      "SingleQubitErrRate": 0.000383,
      "SingleQubitGateLenInNs": 40,
      "T1": 86.4,
      "T2": 68.9
    },
    "1": {
      "Freqency": 4922,
      "Qubit": 1,
      "ReadoutF0Err": 0.0089,
      "ReadoutF1Err": 0.021,
      "SingleQubitErrRate": 0.00084,
      "SingleQubitGateLenInNs": 40,
      "T1": 80.7,
      "T2": 17.2
    },
    "2": {
      "Freqency": 5092,
      "Qubit": 2,
      "ReadoutF0Err": 0.0053,
      "ReadoutF1Err": 0.0154,
      "SingleQubitErrRate": 0.000419,
      "SingleQubitGateLenInNs": 40,
      "T1": 65,
      "T2": 60.7
    },
    "3": {
      "Freqency": 5152,
      "Qubit": 3,
      "ReadoutF0Err": 0.0111,
      "ReadoutF1Err": 0.0268,
      "SingleQubitErrRate": 0.000573,
      "SingleQubitGateLenInNs": 40,
      "T1": 75.8,
      "T2": 66.2
    },
    "4": {
      "Freqency": 5110,
      "Qubit": 4,
      "ReadoutF0Err": 0.007,
      "ReadoutF1Err": 0.0109,
      "SingleQubitErrRate": 0.001019,
      "SingleQubitGateLenInNs": 40,
      "T1": 58.3,
      "T2": 54.9
    },
    "5": {
      "Freqency": 4894,
      "Qubit": 5,
      "ReadoutF0Err": 0.016,
      "ReadoutF1Err": 0.0475,
      "SingleQubitErrRate": 0.000375,
      "SingleQubitGateLenInNs": 40,
      "T1": 96.6,
      "T2": 18.6
    },
    "6": {
      "Freqency": 5066,
      "Qubit": 6,
      "ReadoutF0Err": 0.0076,
      "ReadoutF1Err": 0.0139,
      "SingleQubitErrRate": 0.000421,
      "SingleQubitGateLenInNs": 40,
      "T1": 70.3,
      "T2": 31.5
    },
    "7": {
      "Freqency": 4873,
      "Qubit": 7,
      "ReadoutF0Err": 0.0036,
      "ReadoutF1Err": 0.0099,
      "SingleQubitErrRate": 0.000572,
      "SingleQubitGateLenInNs": 40,
      "T1": 71.7,
      "T2": 22.7
    },
    "8": {
      "Freqency": 5084,
      "Qubit": 8,
      "ReadoutF0Err": 0.003,
      "ReadoutF1Err": 0.0206,
      "SingleQubitErrRate": 0.000471,
      "SingleQubitGateLenInNs": 40,
      "T1": 101.7,
      "T2": 72.9
    },
    "9": {
      "Freqency": 5043,
      "Qubit": 9,
      "ReadoutF0Err": 0.0009,
      "ReadoutF1Err": 0.0092,
      "SingleQubitErrRate": 0.000838,
      "SingleQubitGateLenInNs": 40,
      "T1": 102.6,
      "T2": 27.3
    },
    "10": {
      "Freqency": 5115,
      "Qubit": 10,
      "ReadoutF0Err": 0.0026,
      "ReadoutF1Err": 0.0054,
      "SingleQubitErrRate": 0.000429,
      "SingleQubitGateLenInNs": 40,
      "T1": 96.3,
      "T2": 37.4
    },
    "11": {
      "Freqency": 5095,
      "Qubit": 11,
      "ReadoutF0Err": 0.0025,
      "ReadoutF1Err": 0.0139,
      "SingleQubitErrRate": 0.001124,
      "SingleQubitGateLenInNs": 40,
      "T1": 91.4,
      "T2": 91.8
    },
    "12": {
      "Freqency": 4816,
      "Qubit": 12,
      "ReadoutF0Err": 0.0018,
      "ReadoutF1Err": 0.0127,
      "SingleQubitErrRate": 0.000635,
      "SingleQubitGateLenInNs": 40,
      "T1": 94.5,
      "T2": 19.5
    }
  },
  "layout": {
    "V6": [
      2,
      1,
      4,
      6,
      7,
      5
    ],
    "V7": [
      11,
      0,
      12,
      10,
      3,
      8,
      9
    ],
    "lack": [
      [
        7,
        8
      ]
    ],
    "qxy": [
      [
        0,
        1,
        3
      ],
      [
        1,
        1,
        2
      ],
      [
        2,
        0,
        2
      ],
      [
        3,
        2,
        2
      ],
      [
        4,
        1,
        1
      ],
      [
        5,
        2,
        0
      ],
      [
        6,
        2,
        1
      ],
      [
        7,
        3,
        1
      ],
      [
        8,
        3,
        2
      ],
      [
        9,
        4,
        2
      ],
      [
        10,
        3,
        3
      ],
      [
        11,
        2,
        4
      ],
      [
        12,
        2,
        3
      ]
    ]
  },
  "langs": [
    "tQASM",
    "eQASM"
  ],
  "memo": "tQLab 13GmonTa {v6:q=1,2,4,5,6,7 v7:q=0,3,8,9,10,11,12}",
  "native_gates": [
    "h",
    "rz",
    "x",
    "y",
    "z",
    "cz",
    "cx"
  ]
}