{
  "tencent": {
    "X_on_q0": {
      "task_ids": [
        "ProviderTaskHandle(provider='tencent', task_id='49c6edad-ea87-44ff-99ba-75a748456a0b', payload={'platform_obj': <quantum_hw.api.quantum_platform.tencent.TencentPlatform object at 0x000001EE5FEB4B80>, 'device_name': 'tianji_s2', 'num_qubits': 2})"
      ],
      "probabilities": [
        0.01953125,
        0.0009765625,
        0.9736328125,
        0.005859375
      ],
      "sample_col_means": [
        0.9794921875,
        0.0068359375
      ]
    },
    "X_on_q1": {
      "task_ids": [
        "ProviderTaskHandle(provider='tencent', task_id='2e371ed2-19a9-41bf-a84d-8b6388399a7b', payload={'platform_obj': <quantum_hw.api.quantum_platform.tencent.TencentPlatform object at 0x000001EE5FEB4B80>, 'device_name': 'tianji_s2', 'num_qubits': 2})"
      ],
      "probabilities": [
        0.01953125,
        0.9697265625,
        0.0,
        0.0107421875
      ],
      "sample_col_means": [
        0.0107421875,
        0.98046875
      ]
    }
  },
  "quafu": {
    "X_on_q0": {
      "task_ids": [
        "ProviderTaskHandle(provider='quafu', task_id=2603311557580462359, payload={'platform_obj': <quantum_hw.api.quantum_platform.quafu.QuafuPlatform object at 0x000001EE2A3242B0>})"
      ],
      "probabilities": [
        0.126953125,
        0.0029296875,
        0.822265625,
        0.0478515625
      ],
      "sample_col_means": [
        0.8701171875,
        0.05078125
      ]
    },
    "X_on_q1": {
      "task_ids": [
        "ProviderTaskHandle(provider='quafu', task_id=2603311558043571587, payload={'platform_obj': <quantum_hw.api.quantum_platform.quafu.QuafuPlatform object at 0x000001EE2A3242B0>})"
      ],
      "probabilities": [
        0.04296875,
        0.93359375,
        0.0,
        0.0234375
      ],
      "sample_col_means": [
        0.0234375,
        0.95703125
      ]
    }
  },
  "tianyan": {
    "X_on_q0": {
      "task_ids": [
        "ProviderTaskHandle(provider='tianyan', task_id='2038888628416622594', payload={'task_ids': ['2038888628416622594'], 'platform_obj': <quantum_hw.api.quantum_platform.tianyan.TianYanPlatform object at 0x000001EE273F2FB0>, 'max_wait_time': 3600, 'sleep_time': 5, 'num_qubits': 2})"
      ],
      "probabilities": [
        0.06640625,
        0.0009765625,
        0.9072265625,
        0.025390625
      ],
      "sample_col_means": [
        0.9326171875,
        0.0263671875
      ]
    },
    "X_on_q1": {
      "task_ids": [
        "ProviderTaskHandle(provider='tianyan', task_id='2038888721207209985', payload={'task_ids': ['2038888721207209985'], 'platform_obj': <quantum_hw.api.quantum_platform.tianyan.TianYanPlatform object at 0x000001EE600ED630>, 'max_wait_time': 3600, 'sleep_time': 5, 'num_qubits': 2})"
      ],
      "probabilities": [
        0.0595703125,
        0.9296875,
        0.0009765625,
        0.009765625
      ],
      "sample_col_means": [
        0.0107421875,
        0.939453125
      ]
    }
  },
  "guodun": {
    "X_on_q0": {
      "task_ids": [
        "ProviderTaskHandle(provider='guodun', task_id='2038888167666618369', payload={'task_ids': ['2038888167666618369'], 'platform_obj': <quantum_hw.api.quantum_platform.guodun.GuoDunPlatform object at 0x000001EE2748CAC0>, 'max_wait_time': 3600, 'sleep_time': 5, 'num_qubits': 2})"
      ],
      "probabilities": [
        0.052734375,
        0.001953125,
        0.9326171875,
        0.0126953125
      ],
      "sample_col_means": [
        0.9453125,
        0.0146484375
      ]
    },
    "X_on_q1": {
      "task_ids": [
        "ProviderTaskHandle(provider='guodun', task_id='2038888275758026753', payload={'task_ids': ['2038888275758026753'], 'platform_obj': <quantum_hw.api.quantum_platform.guodun.GuoDunPlatform object at 0x000001EE2748CAC0>, 'max_wait_time': 3600, 'sleep_time': 5, 'num_qubits': 2})"
      ],
      "probabilities": [
        0.0517578125,
        0.939453125,
        0.0009765625,
        0.0078125
      ],
      "sample_col_means": [
        0.0087890625,
        0.947265625
      ]
    }
  }
}